Node_export,Zone_export
BLR_PIPE0001,BLR_EXPP1
BLR_PIPE0002,BLR_EXPP2
BLR_PIPE0003,BLR_EXPP3
DZA_PIPE0001,DZA_EXPP1
DZA_PIPE0002,DZA_EXPP2
LBY_PIPE0001,LBY_EXPP1
MAR_PIPE0001,MAR_EXPP1
NOR_PIPE0001,NOR_EXPP1
NOR_PIPE0002,NOR_EXPP2
NOR_PIPE0003,NOR_EXPP3
NOR_PIPE0004,NOR_EXPP3
RUS_PIPE0001,RUS_EXPP1
RUS_PIPE0002,RUS_EXPP2
RUS_PIPE0003,RUS_EXPP3
RUS_PIPE0004,RUS_EXPP4
TUN_PIPE0001,TUN_EXPP1
TUR_PIPE0001,TUR_EXPP2
TUR_PIPE0002,TUR_EXPP3
UKR_PIPE0001,UKR_EXPP1
UKR_PIPE0002,UKR_EXPP2
UKR_PIPE0003,UKR_EXPP3
UKR_PIPE0004,UKR_EXPP4
UKR_PIPE0005,UKR_EXPP5
YEM_PORT0001,YEM_EXP01
YEM_PORT0002,YEM_EXP01
WLF_PORT0001,WLF_EXP01
VGB_PORT0001,VGB_EXP01
VGB_PORT0002,VGB_EXP01
VNM_PORT0001,VNM_EXP01
VNM_PORT0002,VNM_EXP01
VNM_PORT0003,VNM_EXP01
VNM_PORT0004,VNM_EXP01
VNM_PORT0005,VNM_EXP01
VNM_PORT0006,VNM_EXP01
VNM_PORT0007,VNM_EXP01
VEN_PORT0001,VEN_EXP01
VUT_PORT0001,VUT_EXP01
VUT_PORT0002,VUT_EXP01
URY_PORT0001,URY_EXP01
URY_PORT0002,URY_EXP01
USA_PORT0001,USA_EXP01
USA_PORT0002,USA_EXP01
USA_PORT0003,USA_EXP01
USA_PORT0004,USA_EXP01
USA_PORT0005,USA_EXP01
USA_PORT0006,USA_EXP01
USA_PORT0007,USA_EXP01
USA_PORT0008,USA_EXP01
USA_PORT0009,USA_EXP01
USA_PORT0010,USA_EXP01
USA_PORT0011,USA_EXP01
USA_PORT0012,USA_EXP01
USA_PORT0013,USA_EXP01
USA_PORT0014,USA_EXP01
USA_PORT0015,USA_EXP01
USA_PORT0016,USA_EXP01
USA_PORT0017,USA_EXP01
USA_PORT0018,USA_EXP01
USA_PORT0019,USA_EXP01
USA_PORT0020,USA_EXP01
USA_PORT0021,USA_EXP01
USA_PORT0022,USA_EXP01
USA_PORT0023,USA_EXP01
USA_PORT0024,USA_EXP01
USA_PORT0025,USA_EXP01
USA_PORT0026,USA_EXP01
USA_PORT0027,USA_EXP01
USA_PORT0028,USA_EXP01
USA_PORT0029,USA_EXP01
USA_PORT0030,USA_EXP01
USA_PORT0031,USA_EXP01
USA_PORT0032,USA_EXP01
USA_PORT0033,USA_EXP01
USA_PORT0034,USA_EXP01
USA_PORT0035,USA_EXP01
USA_PORT0036,USA_EXP01
USA_PORT0037,USA_EXP01
USA_PORT0038,USA_EXP01
USA_PORT0039,USA_EXP01
USA_PORT0040,USA_EXP01
USA_PORT0041,USA_EXP01
USA_PORT0042,USA_EXP01
USA_PORT0043,USA_EXP01
USA_PORT0044,USA_EXP01
USA_PORT0045,USA_EXP01
USA_PORT0046,USA_EXP01
USA_PORT0047,USA_EXP01
USA_PORT0048,USA_EXP01
ARE_PORT0001,ARE_EXP01
ARE_PORT0002,ARE_EXP01
ARE_PORT0003,ARE_EXP01
ARE_PORT0004,ARE_EXP01
ARE_PORT0005,ARE_EXP01
ARE_PORT0006,ARE_EXP01
ARE_PORT0007,ARE_EXP01
ARE_PORT0008,ARE_EXP01
UKR_PORT0001,UKR_EXP01
UKR_PORT0002,UKR_EXP01
UKR_PORT0003,UKR_EXP01
TUR_PORT0001,TUR_EXP01
TUR_PORT0002,TUR_EXP01
TUR_PORT0003,TUR_EXP01
TUR_PORT0004,TUR_EXP01
TUR_PORT0005,TUR_EXP01
TUR_PORT0006,TUR_EXP01
TUR_PORT0007,TUR_EXP01
TUR_PORT0008,TUR_EXP01
TUR_PORT0009,TUR_EXP01
TUR_PORT0010,TUR_EXP01
TUR_PORT0011,TUR_EXP01
TUR_PORT0012,TUR_EXP01
TUR_PORT0013,TUR_EXP01
TUR_PORT0014,TUR_EXP01
TUR_PORT0015,TUR_EXP01
TUR_PORT0016,TUR_EXP01
TUR_PORT0017,TUR_EXP01
TUR_PORT0018,TUR_EXP01
TUR_PORT0019,TUR_EXP01
TUR_PORT0020,TUR_EXP01
TUR_PORT0021,TUR_EXP01
TUR_PORT0022,TUR_EXP01
TUN_PORT0001,TUN_EXP01
TUN_PORT0002,TUN_EXP01
TUN_PORT0003,TUN_EXP01
TUN_PORT0004,TUN_EXP01
TTO_PORT0001,TTO_EXP01
TTO_PORT0002,TTO_EXP01
TON_PORT0001,TON_EXP01
TGO_PORT0001,TGO_EXP01
TLS_PORT0001,TLS_EXP01
THA_PORT0001,THA_EXP01
THA_PORT0002,THA_EXP01
THA_PORT0003,THA_EXP01
THA_PORT0004,THA_EXP01
THA_PORT0005,THA_EXP01
TZA_PORT0001,TZA_EXP01
TWN_PORT0001,TWN_EXP01
SYR_PORT0001,SYR_EXP01
SYR_PORT0002,SYR_EXP01
SUR_PORT0001,SUR_EXP01
SUR_PORT0002,SUR_EXP01
SDN_PORT0001,SDN_EXP01
LKA_PORT0001,LKA_EXP01
ZAF_PORT0001,ZAF_EXP01
ZAF_PORT0002,ZAF_EXP01
ZAF_PORT0003,ZAF_EXP01
ZAF_PORT0004,ZAF_EXP01
ZAF_PORT0005,ZAF_EXP01
ZAF_PORT0006,ZAF_EXP01
SOM_PORT0001,SOM_EXP01
SOM_PORT0002,SOM_EXP01
SOM_PORT0003,SOM_EXP01
SGP_PORT0001,SGP_EXP01
SLE_PORT0001,SLE_EXP01
SYC_PORT0001,SYC_EXP01
SEN_PORT0001,SEN_EXP01
SAU_PORT0001,SAU_EXP01
SAU_PORT0002,SAU_EXP01
SAU_PORT0003,SAU_EXP01
SAU_PORT0004,SAU_EXP01
SAU_PORT0005,SAU_EXP01
WSM_PORT0001,WSM_EXP01
VCT_PORT0001,VCT_EXP01
LCA_PORT0001,LCA_EXP01
KNA_PORT0001,KNA_EXP01
RUS_PORT0001,RUS_EXP01
RUS_PORT0002,RUS_EXP01
RUS_PORT0003,RUS_EXP01
RUS_PORT0004,RUS_EXP01
RUS_PORT0005,RUS_EXP01
RUS_PORT0006,RUS_EXP01
RUS_PORT0007,RUS_EXP01
RUS_PORT0008,RUS_EXP01
RUS_PORT0009,RUS_EXP01
RUS_PORT0010,RUS_EXP01
RUS_PORT0011,RUS_EXP01
RUS_PORT0012,RUS_EXP01
RUS_PORT0013,RUS_EXP01
QAT_PORT0001,QAT_EXP01
QAT_PORT0002,QAT_EXP01
PRI_PORT0001,PRI_EXP01
PHL_PORT0001,PHL_EXP01
PHL_PORT0002,PHL_EXP01
PHL_PORT0003,PHL_EXP01
PHL_PORT0004,PHL_EXP01
PHL_PORT0005,PHL_EXP01
PHL_PORT0006,PHL_EXP01
PHL_PORT0007,PHL_EXP01
PHL_PORT0008,PHL_EXP01
PHL_PORT0009,PHL_EXP01
PHL_PORT0010,PHL_EXP01
PHL_PORT0011,PHL_EXP01
PHL_PORT0012,PHL_EXP01
PHL_PORT0013,PHL_EXP01
PHL_PORT0014,PHL_EXP01
PHL_PORT0015,PHL_EXP01
PER_PORT0001,PER_EXP01
PER_PORT0002,PER_EXP01
PER_PORT0003,PER_EXP01
PER_PORT0004,PER_EXP01
PER_PORT0005,PER_EXP01
PER_PORT0006,PER_EXP01
PRY_PORT0001,PRY_EXP01
PNG_PORT0001,PNG_EXP01
PNG_PORT0002,PNG_EXP01
PNG_PORT0003,PNG_EXP01
PNG_PORT0004,PNG_EXP01
PNG_PORT0005,PNG_EXP01
PNG_PORT0006,PNG_EXP01
PNG_PORT0007,PNG_EXP01
PNG_PORT0008,PNG_EXP01
PNG_PORT0009,PNG_EXP01
PAN_PORT0001,PAN_EXP01
PAN_PORT0002,PAN_EXP01
PAN_PORT0003,PAN_EXP01
PAN_PORT0004,PAN_EXP01
PAN_PORT0005,PAN_EXP01
PAN_PORT0006,PAN_EXP01
PAN_PORT0007,PAN_EXP01
PAN_PORT0008,PAN_EXP01
PLW_PORT0001,PLW_EXP01
PAK_PORT0001,PAK_EXP01
PAK_PORT0002,PAK_EXP01
OMN_PORT0001,OMN_EXP01
OMN_PORT0002,OMN_EXP01
NGA_PORT0001,NGA_EXP01
NGA_PORT0002,NGA_EXP01
NGA_PORT0003,NGA_EXP01
NGA_PORT0004,NGA_EXP01
NGA_PORT0005,NGA_EXP01
NGA_PORT0006,NGA_EXP01
NIC_PORT0001,NIC_EXP01
NIC_PORT0002,NIC_EXP01
NZL_PORT0001,NZL_EXP01
NZL_PORT0002,NZL_EXP01
NZL_PORT0003,NZL_EXP01
NZL_PORT0004,NZL_EXP01
NZL_PORT0005,NZL_EXP01
NZL_PORT0006,NZL_EXP01
NZL_PORT0007,NZL_EXP01
NZL_PORT0008,NZL_EXP01
NZL_PORT0009,NZL_EXP01
NZL_PORT0010,NZL_EXP01
NCL_PORT0001,NCL_EXP01
NCL_PORT0002,NCL_EXP01
NRU_PORT0001,NRU_EXP01
NAM_PORT0001,NAM_EXP01
NAM_PORT0002,NAM_EXP01
MMR_PORT0001,MMR_EXP01
MMR_PORT0002,MMR_EXP01
MMR_PORT0003,MMR_EXP01
MMR_PORT0004,MMR_EXP01
MOZ_PORT0001,MOZ_EXP01
MOZ_PORT0002,MOZ_EXP01
MOZ_PORT0003,MOZ_EXP01
MOZ_PORT0004,MOZ_EXP01
MAR_PORT0001,MAR_EXP01
MAR_PORT0002,MAR_EXP01
MAR_PORT0003,MAR_EXP01
MAR_PORT0004,MAR_EXP01
MSR_PORT0001,MSR_EXP01
MNE_PORT0001,MNE_EXP01
MDA_PORT0001,MDA_EXP01
MEX_PORT0001,MEX_EXP01
MEX_PORT0002,MEX_EXP01
MEX_PORT0003,MEX_EXP01
MEX_PORT0004,MEX_EXP01
MEX_PORT0005,MEX_EXP01
MEX_PORT0006,MEX_EXP01
MEX_PORT0007,MEX_EXP01
MEX_PORT0008,MEX_EXP01
MEX_PORT0009,MEX_EXP01
MEX_PORT0010,MEX_EXP01
MEX_PORT0011,MEX_EXP01
MEX_PORT0012,MEX_EXP01
MEX_PORT0013,MEX_EXP01
MYT_PORT0001,MYT_EXP01
MUS_PORT0001,MUS_EXP01
MUS_PORT0002,MUS_EXP01
MRT_PORT0001,MRT_EXP01
MRT_PORT0002,MRT_EXP01
MTQ_PORT0001,MTQ_EXP01
MHL_PORT0001,MHL_EXP01
MHL_PORT0002,MHL_EXP01
MDV_PORT0001,MDV_EXP01
MYS_PORT0001,MYS_EXP01
MYS_PORT0002,MYS_EXP01
MYS_PORT0003,MYS_EXP01
MYS_PORT0004,MYS_EXP01
MYS_PORT0005,MYS_EXP01
MYS_PORT0006,MYS_EXP01
MYS_PORT0007,MYS_EXP01
MYS_PORT0008,MYS_EXP01
MYS_PORT0009,MYS_EXP01
MYS_PORT0010,MYS_EXP01
MYS_PORT0011,MYS_EXP01
MYS_PORT0012,MYS_EXP01
MDG_PORT0001,MDG_EXP01
MDG_PORT0002,MDG_EXP01
MDG_PORT0003,MDG_EXP01
MDG_PORT0004,MDG_EXP01
MDG_PORT0005,MDG_EXP01
MDG_PORT0006,MDG_EXP01
LBY_PORT0001,LBY_EXP01
LBY_PORT0002,LBY_EXP01
LBY_PORT0003,LBY_EXP01
LBY_PORT0004,LBY_EXP01
LBR_PORT0001,LBR_EXP01
LBN_PORT0001,LBN_EXP01
LBN_PORT0002,LBN_EXP01
KWT_PORT0001,KWT_EXP01
KWT_PORT0002,KWT_EXP01
KOR_PORT0001,KOR_EXP01
KOR_PORT0002,KOR_EXP01
KOR_PORT0003,KOR_EXP01
KOR_PORT0004,KOR_EXP01
KOR_PORT0005,KOR_EXP01
KOR_PORT0006,KOR_EXP01
KOR_PORT0007,KOR_EXP01
KOR_PORT0008,KOR_EXP01
KOR_PORT0009,KOR_EXP01
KOR_PORT0010,KOR_EXP01
KOR_PORT0011,KOR_EXP01
KIR_PORT0001,KIR_EXP01
KEN_PORT0001,KEN_EXP01
JOR_PORT0001,JOR_EXP01
JPN_PORT0001,JPN_EXP01
JPN_PORT0002,JPN_EXP01
JPN_PORT0003,JPN_EXP01
JPN_PORT0004,JPN_EXP01
JPN_PORT0005,JPN_EXP01
JPN_PORT0006,JPN_EXP01
JPN_PORT0007,JPN_EXP01
JPN_PORT0008,JPN_EXP01
JPN_PORT0009,JPN_EXP01
JPN_PORT0010,JPN_EXP01
JPN_PORT0011,JPN_EXP01
JPN_PORT0012,JPN_EXP01
JPN_PORT0013,JPN_EXP01
JPN_PORT0014,JPN_EXP01
JPN_PORT0015,JPN_EXP01
JPN_PORT0016,JPN_EXP01
JPN_PORT0017,JPN_EXP01
JPN_PORT0018,JPN_EXP01
JPN_PORT0019,JPN_EXP01
JPN_PORT0020,JPN_EXP01
JPN_PORT0021,JPN_EXP01
JPN_PORT0022,JPN_EXP01
JPN_PORT0023,JPN_EXP01
JPN_PORT0024,JPN_EXP01
JPN_PORT0025,JPN_EXP01
JPN_PORT0026,JPN_EXP01
JPN_PORT0027,JPN_EXP01
JPN_PORT0028,JPN_EXP01
JPN_PORT0029,JPN_EXP01
JPN_PORT0030,JPN_EXP01
JPN_PORT0031,JPN_EXP01
JPN_PORT0032,JPN_EXP01
JPN_PORT0033,JPN_EXP01
JPN_PORT0034,JPN_EXP01
JPN_PORT0035,JPN_EXP01
JPN_PORT0036,JPN_EXP01
JPN_PORT0037,JPN_EXP01
JPN_PORT0038,JPN_EXP01
JPN_PORT0039,JPN_EXP01
JPN_PORT0040,JPN_EXP01
JPN_PORT0041,JPN_EXP01
JPN_PORT0042,JPN_EXP01
JPN_PORT0043,JPN_EXP01
JPN_PORT0044,JPN_EXP01
JPN_PORT0045,JPN_EXP01
JPN_PORT0046,JPN_EXP01
JPN_PORT0047,JPN_EXP01
JPN_PORT0048,JPN_EXP01
JPN_PORT0049,JPN_EXP01
JPN_PORT0050,JPN_EXP01
JPN_PORT0051,JPN_EXP01
JPN_PORT0052,JPN_EXP01
JPN_PORT0053,JPN_EXP01
JPN_PORT0054,JPN_EXP01
JPN_PORT0055,JPN_EXP01
JAM_PORT0001,JAM_EXP01
JAM_PORT0002,JAM_EXP01
ISR_PORT0001,ISR_EXP01
ISR_PORT0002,ISR_EXP01
IRQ_PORT0001,IRQ_EXP01
IRQ_PORT0002,IRQ_EXP01
IRQ_PORT0003,IRQ_EXP01
IRN_PORT0001,IRN_EXP01
IRN_PORT0002,IRN_EXP01
IRN_PORT0003,IRN_EXP01
IRN_PORT0004,IRN_EXP01
IDN_PORT0001,IDN_EXP01
IDN_PORT0002,IDN_EXP01
IDN_PORT0003,IDN_EXP01
IDN_PORT0004,IDN_EXP01
IDN_PORT0005,IDN_EXP01
IDN_PORT0006,IDN_EXP01
IDN_PORT0007,IDN_EXP01
IDN_PORT0008,IDN_EXP01
IDN_PORT0009,IDN_EXP01
IDN_PORT0010,IDN_EXP01
IDN_PORT0011,IDN_EXP01
IDN_PORT0012,IDN_EXP01
IDN_PORT0013,IDN_EXP01
IDN_PORT0014,IDN_EXP01
IDN_PORT0015,IDN_EXP01
IDN_PORT0016,IDN_EXP01
IDN_PORT0017,IDN_EXP01
IDN_PORT0018,IDN_EXP01
IDN_PORT0019,IDN_EXP01
IDN_PORT0020,IDN_EXP01
IDN_PORT0021,IDN_EXP01
IDN_PORT0022,IDN_EXP01
IDN_PORT0023,IDN_EXP01
IDN_PORT0024,IDN_EXP01
IDN_PORT0025,IDN_EXP01
IDN_PORT0026,IDN_EXP01
IDN_PORT0027,IDN_EXP01
IDN_PORT0028,IDN_EXP01
IDN_PORT0029,IDN_EXP01
IND_PORT0001,IND_EXP01
IND_PORT0002,IND_EXP01
IND_PORT0003,IND_EXP01
IND_PORT0004,IND_EXP01
IND_PORT0005,IND_EXP01
IND_PORT0006,IND_EXP01
IND_PORT0007,IND_EXP01
IND_PORT0008,IND_EXP01
IND_PORT0009,IND_EXP01
IND_PORT0010,IND_EXP01
IND_PORT0011,IND_EXP01
IND_PORT0012,IND_EXP01
IND_PORT0013,IND_EXP01
IND_PORT0014,IND_EXP01
IND_PORT0015,IND_EXP01
IND_PORT0016,IND_EXP01
IND_PORT0017,IND_EXP01
IND_PORT0018,IND_EXP01
IND_PORT0019,IND_EXP01
ISL_PORT0001,ISL_EXP01
ISL_PORT0002,ISL_EXP01
ISL_PORT0003,ISL_EXP01
HKG_PORT0001,HKG_EXP01
HND_PORT0001,HND_EXP01
HND_PORT0002,HND_EXP01
HND_PORT0003,HND_EXP01
HTI_PORT0001,HTI_EXP01
HTI_PORT0002,HTI_EXP01
HTI_PORT0003,HTI_EXP01
GUY_PORT0001,GUY_EXP01
GNB_PORT0001,GNB_EXP01
GIN_PORT0001,GIN_EXP01
GTM_PORT0001,GTM_EXP01
GTM_PORT0002,GTM_EXP01
GUM_PORT0001,GUM_EXP01
GLP_PORT0001,GLP_EXP01
GRD_PORT0001,GRD_EXP01
GRL_PORT0001,GRL_EXP01
GRL_PORT0002,GRL_EXP01
GIB_PORT0001,GIB_EXP01
GHA_PORT0001,GHA_EXP01
GHA_PORT0002,GHA_EXP01
GEO_PORT0001,GEO_EXP01
GEO_PORT0002,GEO_EXP01
GMB_PORT0001,GMB_EXP01
GAB_PORT0001,GAB_EXP01
GAB_PORT0002,GAB_EXP01
PYF_PORT0001,PYF_EXP01
PYF_PORT0002,PYF_EXP01
GUF_PORT0001,GUF_EXP01
FJI_PORT0001,FJI_EXP01
FJI_PORT0002,FJI_EXP01
FRO_PORT0001,FRO_EXP01
FRO_PORT0002,FRO_EXP01
ERI_PORT0001,ERI_EXP01
GNQ_PORT0001,GNQ_EXP01
GNQ_PORT0002,GNQ_EXP01
SLV_PORT0001,SLV_EXP01
SLV_PORT0002,SLV_EXP01
EGY_PORT0001,EGY_EXP01
EGY_PORT0002,EGY_EXP01
EGY_PORT0003,EGY_EXP01
EGY_PORT0004,EGY_EXP01
EGY_PORT0005,EGY_EXP01
ECU_PORT0001,ECU_EXP01
ECU_PORT0002,ECU_EXP01
ECU_PORT0003,ECU_EXP01
ECU_PORT0004,ECU_EXP01
DOM_PORT0001,DOM_EXP01
DOM_PORT0002,DOM_EXP01
DOM_PORT0003,DOM_EXP01
DOM_PORT0004,DOM_EXP01
DMA_PORT0001,DMA_EXP01
DJI_PORT0001,DJI_EXP01
CIV_PORT0001,CIV_EXP01
CIV_PORT0002,CIV_EXP01
CUW_PORT0001,CUW_EXP01
CUB_PORT0001,CUB_EXP01
CUB_PORT0002,CUB_EXP01
CUB_PORT0003,CUB_EXP01
CRI_PORT0001,CRI_EXP01
CRI_PORT0002,CRI_EXP01
CRI_PORT0003,CRI_EXP01
COK_PORT0001,COK_EXP01
COK_PORT0002,COK_EXP01
COD_PORT0001,COD_EXP01
COG_PORT0001,COG_EXP01
COM_PORT0001,COM_EXP01
COM_PORT0002,COM_EXP01
COL_PORT0001,COL_EXP01
COL_PORT0002,COL_EXP01
COL_PORT0003,COL_EXP01
COL_PORT0004,COL_EXP01
COL_PORT0005,COL_EXP01
COL_PORT0006,COL_EXP01
COL_PORT0007,COL_EXP01
CXR_PORT0001,CXR_EXP01
CHN_PORT0001,CHN_EXP01
CHN_PORT0002,CHN_EXP01
CHN_PORT0003,CHN_EXP01
CHN_PORT0004,CHN_EXP01
CHN_PORT0005,CHN_EXP01
CHN_PORT0006,CHN_EXP01
CHN_PORT0007,CHN_EXP01
CHN_PORT0008,CHN_EXP01
CHN_PORT0009,CHN_EXP01
CHN_PORT0010,CHN_EXP01
CHN_PORT0011,CHN_EXP01
CHN_PORT0012,CHN_EXP01
CHN_PORT0013,CHN_EXP01
CHN_PORT0014,CHN_EXP01
CHN_PORT0015,CHN_EXP01
CHN_PORT0016,CHN_EXP01
CHN_PORT0017,CHN_EXP01
CHN_PORT0018,CHN_EXP01
CHN_PORT0019,CHN_EXP01
CHN_PORT0020,CHN_EXP01
CHN_PORT0021,CHN_EXP01
CHN_PORT0022,CHN_EXP01
CHN_PORT0023,CHN_EXP01
CHN_PORT0024,CHN_EXP01
CHN_PORT0025,CHN_EXP01
CHN_PORT0026,CHN_EXP01
CHL_PORT0001,CHL_EXP01
CHL_PORT0002,CHL_EXP01
CHL_PORT0003,CHL_EXP01
CHL_PORT0004,CHL_EXP01
CHL_PORT0005,CHL_EXP01
CHL_PORT0006,CHL_EXP01
CHL_PORT0007,CHL_EXP01
CHL_PORT0008,CHL_EXP01
CHL_PORT0009,CHL_EXP01
CHL_PORT0010,CHL_EXP01
CHL_PORT0011,CHL_EXP01
CYM_PORT0001,CYM_EXP01
CAN_PORT0001,CAN_EXP01
CAN_PORT0002,CAN_EXP01
CAN_PORT0003,CAN_EXP01
CAN_PORT0004,CAN_EXP01
CAN_PORT0005,CAN_EXP01
CAN_PORT0006,CAN_EXP01
CAN_PORT0007,CAN_EXP01
CAN_PORT0008,CAN_EXP01
CAN_PORT0009,CAN_EXP01
CAN_PORT0010,CAN_EXP01
CMR_PORT0001,CMR_EXP01
CMR_PORT0002,CMR_EXP01
KHM_PORT0001,KHM_EXP01
CPV_PORT0001,CPV_EXP01
CPV_PORT0002,CPV_EXP01
CPV_PORT0003,CPV_EXP01
CPV_PORT0004,CPV_EXP01
BRA_PORT0001,BRA_EXP01
BRA_PORT0002,BRA_EXP01
BRA_PORT0003,BRA_EXP01
BRA_PORT0004,BRA_EXP01
BRA_PORT0005,BRA_EXP01
BRA_PORT0006,BRA_EXP01
BRA_PORT0007,BRA_EXP01
BRA_PORT0008,BRA_EXP01
BRA_PORT0009,BRA_EXP01
BRA_PORT0010,BRA_EXP01
BRA_PORT0011,BRA_EXP01
BRA_PORT0012,BRA_EXP01
BRA_PORT0013,BRA_EXP01
BRA_PORT0014,BRA_EXP01
BRA_PORT0015,BRA_EXP01
BRA_PORT0016,BRA_EXP01
BRA_PORT0017,BRA_EXP01
BRA_PORT0018,BRA_EXP01
BRA_PORT0019,BRA_EXP01
BES_PORT0001,BES_EXP01
BMU_PORT0001,BMU_EXP01
BEN_PORT0001,BEN_EXP01
BLZ_PORT0001,BLZ_EXP01
BLZ_PORT0002,BLZ_EXP01
BRB_PORT0001,BRB_EXP01
BGD_PORT0001,BGD_EXP01
BGD_PORT0002,BGD_EXP01
BHR_PORT0001,BHR_EXP01
BHS_PORT0001,BHS_EXP01
AUS_PORT0001,AUS_EXP01
AUS_PORT0002,AUS_EXP01
AUS_PORT0003,AUS_EXP01
AUS_PORT0004,AUS_EXP01
AUS_PORT0005,AUS_EXP01
AUS_PORT0006,AUS_EXP01
AUS_PORT0007,AUS_EXP01
AUS_PORT0008,AUS_EXP01
AUS_PORT0009,AUS_EXP01
AUS_PORT0010,AUS_EXP01
AUS_PORT0011,AUS_EXP01
AUS_PORT0012,AUS_EXP01
AUS_PORT0013,AUS_EXP01
AUS_PORT0014,AUS_EXP01
AUS_PORT0015,AUS_EXP01
AUS_PORT0016,AUS_EXP01
AUS_PORT0017,AUS_EXP01
ABW_PORT0001,ABW_EXP01
ABW_PORT0002,ABW_EXP01
ARG_PORT0001,ARG_EXP01
ARG_PORT0002,ARG_EXP01
ARG_PORT0003,ARG_EXP01
ARG_PORT0004,ARG_EXP01
ARG_PORT0005,ARG_EXP01
ARG_PORT0006,ARG_EXP01
ARG_PORT0007,ARG_EXP01
ARG_PORT0008,ARG_EXP01
ARG_PORT0009,ARG_EXP01
ATG_PORT0001,ATG_EXP01
AIA_PORT0001,AIA_EXP01
AGO_PORT0001,AGO_EXP01
AGO_PORT0002,AGO_EXP01
AGO_PORT0003,AGO_EXP01
AGO_PORT0004,AGO_EXP01
AGO_PORT0005,AGO_EXP01
AGO_PORT0006,AGO_EXP01
ASM_PORT0001,ASM_EXP01
DZA_PORT0001,DZA_EXP01
DZA_PORT0002,DZA_EXP01
DZA_PORT0003,DZA_EXP01
DZA_PORT0004,DZA_EXP01
DZA_PORT0005,DZA_EXP01
ALB_PORT0001,ALB_EXP01
ALB_PORT0002,ALB_EXP01
AGO_LH2L0001,AGO_EXP01
ARE_LH2L0001,ARE_EXP01
ARE_LH2L0002,ARE_EXP01
ARG_LH2L0001,ARG_EXP01
AUS_LH2L0001,AUS_EXP01
AUS_LH2L0002,AUS_EXP01
AUS_LH2L0003,AUS_EXP01
AUS_LH2L0004,AUS_EXP01
AUS_LH2L0005,AUS_EXP01
AUS_LH2L0006,AUS_EXP01
AUS_LH2L0007,AUS_EXP01
AUS_LH2L0008,AUS_EXP01
AUS_LH2L0009,AUS_EXP01
AUS_LH2L0010,AUS_EXP01
AUS_LH2L0011,AUS_EXP01
AUS_LH2L0012,AUS_EXP01
AUS_LH2L0013,AUS_EXP01
AUS_LH2L0014,AUS_EXP01
AUS_LH2L0015,AUS_EXP01
AUS_LH2L0016,AUS_EXP01
CAN_LH2L0001,CAN_EXP01
DZA_LH2L0001,DZA_EXP01
DZA_LH2L0002,DZA_EXP01
DZA_LH2L0003,DZA_EXP01
DZA_LH2L0004,DZA_EXP01
EGY_LH2L0001,EGY_EXP01
EGY_LH2L0002,EGY_EXP01
GNQ_LH2L0001,GNQ_EXP01
IDN_LH2L0001,IDN_EXP01
IDN_LH2L0002,IDN_EXP01
IDN_LH2L0003,IDN_EXP01
IDN_LH2L0004,IDN_EXP01
IDN_LH2L0005,IDN_EXP01
IDN_LH2L0006,IDN_EXP01
IDN_LH2L0007,IDN_EXP01
IDN_LH2L0008,IDN_EXP01
IDN_LH2L0009,IDN_EXP01
IDN_LH2L0010,IDN_EXP01
LBY_LH2L0001,LBY_EXP01
MYS_LH2L0001,MYS_EXP01
MYS_LH2L0002,MYS_EXP01
MYS_LH2L0003,MYS_EXP01
MYS_LH2L0004,MYS_EXP01
MYS_LH2L0005,MYS_EXP01
MYS_LH2L0006,MYS_EXP01
MYS_LH2L0007,MYS_EXP01
NGA_LH2L0001,NGA_EXP01
NGA_LH2L0002,NGA_EXP01
NGA_LH2L0003,NGA_EXP01
NGA_LH2L0004,NGA_EXP01
NGA_LH2L0005,NGA_EXP01
NGA_LH2L0006,NGA_EXP01
NOR_LH2L0001,NOR_EXP01
OMN_LH2L0001,OMN_EXP01
OMN_LH2L0002,OMN_EXP01
PER_LH2L0001,PER_EXP01
PNG_LH2L0001,PNG_EXP01
QAT_LH2L0001,QAT_EXP01
QAT_LH2L0002,QAT_EXP01
QAT_LH2L0003,QAT_EXP01
QAT_LH2L0004,QAT_EXP01
QAT_LH2L0005,QAT_EXP01
QAT_LH2L0006,QAT_EXP01
QAT_LH2L0007,QAT_EXP01
QAT_LH2L0008,QAT_EXP01
QAT_LH2L0009,QAT_EXP01
QAT_LH2L0010,QAT_EXP01
QAT_LH2L0011,QAT_EXP01
QAT_LH2L0012,QAT_EXP01
RUS_LH2L0001,RUS_EXP01
RUS_LH2L0002,RUS_EXP01
RUS_LH2L0003,RUS_EXP01
RUS_LH2L0004,RUS_EXP01
TTO_LH2L0001,TTO_EXP01
TTO_LH2L0002,TTO_EXP01
TTO_LH2L0003,TTO_EXP01
TTO_LH2L0004,TTO_EXP01
USA_LH2L0001,USA_EXP01
USA_LH2L0002,USA_EXP01
USA_LH2L0003,USA_EXP01
USA_LH2L0004,USA_EXP01
USA_LH2L0005,USA_EXP01
USA_LH2L0006,USA_EXP01
USA_LH2L0007,USA_EXP01
USA_LH2L0008,USA_EXP01
USA_LH2L0009,USA_EXP01
USA_LH2L0010,USA_EXP01
USA_LH2L0011,USA_EXP01
USA_LH2L0012,USA_EXP01
USA_LH2L0013,USA_EXP01
USA_LH2L0015,USA_EXP01
USA_LH2L0016,USA_EXP01
YEM_LH2L0001,YEM_EXP01
